range	frequency
BRONX	0.157624633
BROOKLYN	0.2228739
MANHATTAN	0.375366569
QUEENS	0.192815249
STATEN ISLAND	0.051319648
