range	frequency
0	0.718475073
1	0.153958944
2	0.080645161
3	0.0271261
4	0.012463343
5	0.002932551
6	0.001466276
7	0.001466276
8	0
9	0
10	0.000733138
11	0
12	0.000733138
