range	frequency
0	0.998533724
1	0.001466276
