range	frequency
0	0.989002933
1	0.009530792
2	0.000733138
3	0
4	0
5	0.000733138
