range	frequency
0	0.702346041
1	0.167888563
2	0.081378299
3	0.027859238
4	0.012463343
5	0.002932551
6	0.001466276
7	0.002199413
8	0
9	0
10	0.000733138
11	0
12	0.000733138
