range	frequency
0	0.997800587
1	0.002199413
